<INSTANCE CLASSNAME="SMS_TaskSequencePackage">
  <QUALIFIER NAME="dynamic" PROPAGATED="true" TYPE="boolean" TOSUBCLASS="false" TOINSTANCE="true">
    <VALUE>TRUE</VALUE>
  </QUALIFIER>
  <QUALIFIER NAME="SecurityVerbs" TYPE="sint32" TOSUBCLASS="false">
    <VALUE>-1</VALUE>
  </QUALIFIER>
  <PROPERTY NAME="__PATH" CLASSORIGIN="___SYSTEM" TYPE="string">
    <VALUE>\\CM01\root\sms\site_PS1:SMS_TaskSequencePackage.PackageID="PS10001C"</VALUE>
  </PROPERTY>
  <PROPERTY NAME="__NAMESPACE" CLASSORIGIN="___SYSTEM" TYPE="string">
    <VALUE>root\sms\site_PS1</VALUE>
  </PROPERTY>
  <PROPERTY NAME="__SERVER" CLASSORIGIN="___SYSTEM" TYPE="string">
    <VALUE>CM01</VALUE>
  </PROPERTY>
  <PROPERTY.ARRAY NAME="__DERIVATION" CLASSORIGIN="___SYSTEM" TYPE="string">
    <VALUE.ARRAY>
      <VALUE>SMS_PackageBaseclass</VALUE>
      <VALUE>SMS_BaseClass</VALUE>
    </VALUE.ARRAY>
  </PROPERTY.ARRAY>
  <PROPERTY NAME="__PROPERTY_COUNT" CLASSORIGIN="___SYSTEM" TYPE="sint32">
    <VALUE>74</VALUE>
  </PROPERTY>
  <PROPERTY NAME="__RELPATH" CLASSORIGIN="___SYSTEM" TYPE="string">
    <VALUE>SMS_TaskSequencePackage.PackageID="PS10001C"</VALUE>
  </PROPERTY>
  <PROPERTY NAME="__DYNASTY" CLASSORIGIN="___SYSTEM" TYPE="string">
    <VALUE>SMS_BaseClass</VALUE>
  </PROPERTY>
  <PROPERTY NAME="__SUPERCLASS" CLASSORIGIN="___SYSTEM" TYPE="string">
    <VALUE>SMS_PackageBaseclass</VALUE>
  </PROPERTY>
  <PROPERTY NAME="__CLASS" CLASSORIGIN="___SYSTEM" TYPE="string">
    <VALUE>SMS_TaskSequencePackage</VALUE>
  </PROPERTY>
  <PROPERTY NAME="__GENUS" CLASSORIGIN="___SYSTEM" TYPE="sint32">
    <VALUE>2</VALUE>
  </PROPERTY>
  <PROPERTY NAME="ActionInProgress" CLASSORIGIN="SMS_PackageBaseclass" TYPE="uint32">
    <QUALIFIER NAME="CIMTYPE" PROPAGATED="true" TYPE="string" TOINSTANCE="true">
      <VALUE>uint32</VALUE>
    </QUALIFIER>
    <VALUE>1</VALUE>
  </PROPERTY>
  <PROPERTY NAME="AlternateContentProviders" CLASSORIGIN="SMS_PackageBaseclass" TYPE="string">
    <QUALIFIER NAME="CIMTYPE" PROPAGATED="true" TYPE="string" TOINSTANCE="true">
      <VALUE>string</VALUE>
    </QUALIFIER>
    <VALUE></VALUE>
  </PROPERTY>
  <PROPERTY NAME="BootImageID" CLASSORIGIN="SMS_TaskSequencePackage" TYPE="string">
    <QUALIFIER NAME="CIMTYPE" PROPAGATED="true" TYPE="string" TOINSTANCE="true">
      <VALUE>string</VALUE>
    </QUALIFIER>
    <VALUE></VALUE>
  </PROPERTY>
  <PROPERTY NAME="Category" CLASSORIGIN="SMS_TaskSequencePackage" TYPE="string">
    <QUALIFIER NAME="CIMTYPE" PROPAGATED="true" TYPE="string" TOINSTANCE="true">
      <VALUE>string</VALUE>
    </QUALIFIER>
    <VALUE></VALUE>
  </PROPERTY>
  <PROPERTY NAME="CustomHighImpactHeadline" CLASSORIGIN="SMS_TaskSequencePackage" TYPE="string">
    <QUALIFIER NAME="CIMTYPE" PROPAGATED="true" TYPE="string" TOINSTANCE="true">
      <VALUE>string</VALUE>
    </QUALIFIER>
    <VALUE></VALUE>
  </PROPERTY>
  <PROPERTY NAME="CustomHighImpactSet" CLASSORIGIN="SMS_TaskSequencePackage" TYPE="uint32">
    <QUALIFIER NAME="CIMTYPE" PROPAGATED="true" TYPE="string" TOINSTANCE="true">
      <VALUE>uint32</VALUE>
    </QUALIFIER>
    <VALUE>0</VALUE>
  </PROPERTY>
  <PROPERTY NAME="CustomHighImpactWarning" CLASSORIGIN="SMS_TaskSequencePackage" TYPE="string">
    <QUALIFIER NAME="CIMTYPE" PROPAGATED="true" TYPE="string" TOINSTANCE="true">
      <VALUE>string</VALUE>
    </QUALIFIER>
    <VALUE></VALUE>
  </PROPERTY>
  <PROPERTY NAME="CustomHighImpactWarningInstall" CLASSORIGIN="SMS_TaskSequencePackage" TYPE="string">
    <QUALIFIER NAME="CIMTYPE" PROPAGATED="true" TYPE="string" TOINSTANCE="true">
      <VALUE>string</VALUE>
    </QUALIFIER>
    <VALUE></VALUE>
  </PROPERTY>
  <PROPERTY NAME="CustomHighImpactWarningTop" CLASSORIGIN="SMS_TaskSequencePackage" TYPE="string">
    <QUALIFIER NAME="CIMTYPE" PROPAGATED="true" TYPE="string" TOINSTANCE="true">
      <VALUE>string</VALUE>
    </QUALIFIER>
    <VALUE></VALUE>
  </PROPERTY>
  <PROPERTY NAME="CustomProgressMsg" CLASSORIGIN="SMS_TaskSequencePackage" TYPE="string">
    <QUALIFIER NAME="CIMTYPE" PROPAGATED="true" TYPE="string" TOINSTANCE="true">
      <VALUE>string</VALUE>
    </QUALIFIER>
    <VALUE></VALUE>
  </PROPERTY>
  <PROPERTY NAME="DependentProgram" CLASSORIGIN="SMS_TaskSequencePackage" TYPE="string">
    <QUALIFIER NAME="CIMTYPE" PROPAGATED="true" TYPE="string" TOINSTANCE="true">
      <VALUE>string</VALUE>
    </QUALIFIER>
    <VALUE></VALUE>
  </PROPERTY>
  <PROPERTY NAME="Description" CLASSORIGIN="SMS_PackageBaseclass" TYPE="string">
    <QUALIFIER NAME="CIMTYPE" PROPAGATED="true" TYPE="string" TOINSTANCE="true">
      <VALUE>string</VALUE>
    </QUALIFIER>
    <VALUE>4</VALUE>
  </PROPERTY>
  <PROPERTY NAME="DriverManufacturer" CLASSORIGIN="SMS_PackageBaseclass" PROPAGATED="true" TYPE="string">
    <QUALIFIER NAME="CIMTYPE" PROPAGATED="true" TYPE="string" TOINSTANCE="true">
      <VALUE>string</VALUE>
    </QUALIFIER>
    <VALUE></VALUE>
  </PROPERTY>
  <PROPERTY NAME="DriverModel" CLASSORIGIN="SMS_PackageBaseclass" PROPAGATED="true" TYPE="string">
    <QUALIFIER NAME="CIMTYPE" PROPAGATED="true" TYPE="string" TOINSTANCE="true">
      <VALUE>string</VALUE>
    </QUALIFIER>
    <VALUE></VALUE>
  </PROPERTY>
  <PROPERTY NAME="Duration" CLASSORIGIN="SMS_TaskSequencePackage" TYPE="uint32">
    <QUALIFIER NAME="CIMTYPE" PROPAGATED="true" TYPE="string" TOINSTANCE="true">
      <VALUE>uint32</VALUE>
    </QUALIFIER>
    <VALUE>360</VALUE>
  </PROPERTY>
  <PROPERTY NAME="EstimatedDownloadSizeMB" CLASSORIGIN="SMS_TaskSequencePackage" TYPE="uint32">
    <QUALIFIER NAME="CIMTYPE" PROPAGATED="true" TYPE="string" TOINSTANCE="true">
      <VALUE>uint32</VALUE>
    </QUALIFIER>
    <VALUE>0</VALUE>
  </PROPERTY>
  <PROPERTY NAME="EstimatedRunTimeMinutes" CLASSORIGIN="SMS_TaskSequencePackage" TYPE="uint32">
    <QUALIFIER NAME="CIMTYPE" PROPAGATED="true" TYPE="string" TOINSTANCE="true">
      <VALUE>uint32</VALUE>
    </QUALIFIER>
    <VALUE>0</VALUE>
  </PROPERTY>
  <PROPERTY.ARRAY NAME="ExtendedData" CLASSORIGIN="SMS_PackageBaseclass" TYPE="uint8">
    <QUALIFIER NAME="CIMTYPE" PROPAGATED="true" TYPE="string" TOINSTANCE="true">
      <VALUE>uint8</VALUE>
    </QUALIFIER>
  </PROPERTY.ARRAY>
  <PROPERTY NAME="ExtendedDataSize" CLASSORIGIN="SMS_PackageBaseclass" TYPE="uint32">
    <QUALIFIER NAME="CIMTYPE" PROPAGATED="true" TYPE="string" TOINSTANCE="true">
      <VALUE>uint32</VALUE>
    </QUALIFIER>
    <VALUE>0</VALUE>
  </PROPERTY>
  <PROPERTY NAME="ForcedDisconnectDelay" CLASSORIGIN="SMS_PackageBaseclass" TYPE="uint32">
    <QUALIFIER NAME="CIMTYPE" PROPAGATED="true" TYPE="string" TOINSTANCE="true">
      <VALUE>uint32</VALUE>
    </QUALIFIER>
    <VALUE>5</VALUE>
  </PROPERTY>
  <PROPERTY NAME="ForcedDisconnectEnabled" CLASSORIGIN="SMS_PackageBaseclass" TYPE="boolean">
    <QUALIFIER NAME="CIMTYPE" PROPAGATED="true" TYPE="string" TOINSTANCE="true">
      <VALUE>boolean</VALUE>
    </QUALIFIER>
    <VALUE>FALSE</VALUE>
  </PROPERTY>
  <PROPERTY NAME="ForcedDisconnectNumRetries" CLASSORIGIN="SMS_PackageBaseclass" TYPE="uint32">
    <QUALIFIER NAME="CIMTYPE" PROPAGATED="true" TYPE="string" TOINSTANCE="true">
      <VALUE>uint32</VALUE>
    </QUALIFIER>
    <VALUE>2</VALUE>
  </PROPERTY>
  <PROPERTY NAME="HighImpactTaskSequence" CLASSORIGIN="SMS_TaskSequencePackage" TYPE="uint32">
    <QUALIFIER NAME="CIMTYPE" PROPAGATED="true" TYPE="string" TOINSTANCE="true">
      <VALUE>uint32</VALUE>
    </QUALIFIER>
    <VALUE>0</VALUE>
  </PROPERTY>
  <PROPERTY.ARRAY NAME="Icon" CLASSORIGIN="SMS_PackageBaseclass" TYPE="uint8">
    <QUALIFIER NAME="CIMTYPE" PROPAGATED="true" TYPE="string" TOINSTANCE="true">
      <VALUE>uint8</VALUE>
    </QUALIFIER>
  </PROPERTY.ARRAY>
  <PROPERTY NAME="IconSize" CLASSORIGIN="SMS_PackageBaseclass" TYPE="uint32">
    <QUALIFIER NAME="CIMTYPE" PROPAGATED="true" TYPE="string" TOINSTANCE="true">
      <VALUE>uint32</VALUE>
    </QUALIFIER>
    <VALUE>0</VALUE>
  </PROPERTY>
  <PROPERTY NAME="IgnoreAddressSchedule" CLASSORIGIN="SMS_PackageBaseclass" TYPE="boolean">
    <QUALIFIER NAME="CIMTYPE" PROPAGATED="true" TYPE="string" TOINSTANCE="true">
      <VALUE>boolean</VALUE>
    </QUALIFIER>
    <VALUE>FALSE</VALUE>
  </PROPERTY>
  <PROPERTY.ARRAY NAME="ISVData" CLASSORIGIN="SMS_PackageBaseclass" TYPE="uint8">
    <QUALIFIER NAME="CIMTYPE" PROPAGATED="true" TYPE="string" TOINSTANCE="true">
      <VALUE>uint8</VALUE>
    </QUALIFIER>
  </PROPERTY.ARRAY>
  <PROPERTY NAME="ISVDataSize" CLASSORIGIN="SMS_PackageBaseclass" TYPE="uint32">
    <QUALIFIER NAME="CIMTYPE" PROPAGATED="true" TYPE="string" TOINSTANCE="true">
      <VALUE>uint32</VALUE>
    </QUALIFIER>
    <VALUE>0</VALUE>
  </PROPERTY>
  <PROPERTY NAME="IsVersionCompatible" CLASSORIGIN="SMS_PackageBaseclass" PROPAGATED="true" TYPE="boolean">
    <QUALIFIER NAME="CIMTYPE" PROPAGATED="true" TYPE="string" TOINSTANCE="true">
      <VALUE>boolean</VALUE>
    </QUALIFIER>
  </PROPERTY>
  <PROPERTY NAME="ISVString" CLASSORIGIN="SMS_PackageBaseclass" TYPE="string">
    <QUALIFIER NAME="CIMTYPE" PROPAGATED="true" TYPE="string" TOINSTANCE="true">
      <VALUE>string</VALUE>
    </QUALIFIER>
    <VALUE></VALUE>
  </PROPERTY>
  <PROPERTY NAME="Language" CLASSORIGIN="SMS_PackageBaseclass" TYPE="string">
    <QUALIFIER NAME="CIMTYPE" PROPAGATED="true" TYPE="string" TOINSTANCE="true">
      <VALUE>string</VALUE>
    </QUALIFIER>
    <VALUE></VALUE>
  </PROPERTY>
  <PROPERTY NAME="LastRefreshTime" CLASSORIGIN="SMS_PackageBaseclass" TYPE="datetime">
    <QUALIFIER NAME="CIMTYPE" PROPAGATED="true" TYPE="string" TOINSTANCE="true">
      <VALUE>datetime</VALUE>
    </QUALIFIER>
    <VALUE>20181117053838.000000+000</VALUE>
  </PROPERTY>
  <PROPERTY.ARRAY NAME="LocalizedCategoryInstanceNames" CLASSORIGIN="SMS_PackageBaseclass" PROPAGATED="true" TYPE="string">
    <QUALIFIER NAME="CIMTYPE" PROPAGATED="true" TYPE="string" TOINSTANCE="true">
      <VALUE>string</VALUE>
    </QUALIFIER>
  </PROPERTY.ARRAY>
  <PROPERTY NAME="LocalizedTaskSequenceDescription" CLASSORIGIN="SMS_TaskSequencePackage" TYPE="string">
    <QUALIFIER NAME="CIMTYPE" PROPAGATED="true" TYPE="string" TOINSTANCE="true">
      <VALUE>string</VALUE>
    </QUALIFIER>
    <VALUE></VALUE>
  </PROPERTY>
  <PROPERTY NAME="LocalizedTaskSequenceName" CLASSORIGIN="SMS_TaskSequencePackage" TYPE="string">
    <QUALIFIER NAME="CIMTYPE" PROPAGATED="true" TYPE="string" TOINSTANCE="true">
      <VALUE>string</VALUE>
    </QUALIFIER>
    <VALUE></VALUE>
  </PROPERTY>
  <PROPERTY NAME="Manufacturer" CLASSORIGIN="SMS_PackageBaseclass" TYPE="string">
    <QUALIFIER NAME="CIMTYPE" PROPAGATED="true" TYPE="string" TOINSTANCE="true">
      <VALUE>string</VALUE>
    </QUALIFIER>
    <VALUE></VALUE>
  </PROPERTY>
  <PROPERTY NAME="MIFFilename" CLASSORIGIN="SMS_PackageBaseclass" TYPE="string">
    <QUALIFIER NAME="CIMTYPE" PROPAGATED="true" TYPE="string" TOINSTANCE="true">
      <VALUE>string</VALUE>
    </QUALIFIER>
    <VALUE></VALUE>
  </PROPERTY>
  <PROPERTY NAME="MIFName" CLASSORIGIN="SMS_PackageBaseclass" TYPE="string">
    <QUALIFIER NAME="CIMTYPE" PROPAGATED="true" TYPE="string" TOINSTANCE="true">
      <VALUE>string</VALUE>
    </QUALIFIER>
    <VALUE></VALUE>
  </PROPERTY>
  <PROPERTY NAME="MIFPublisher" CLASSORIGIN="SMS_PackageBaseclass" TYPE="string">
    <QUALIFIER NAME="CIMTYPE" PROPAGATED="true" TYPE="string" TOINSTANCE="true">
      <VALUE>string</VALUE>
    </QUALIFIER>
    <VALUE></VALUE>
  </PROPERTY>
  <PROPERTY NAME="MIFVersion" CLASSORIGIN="SMS_PackageBaseclass" TYPE="string">
    <QUALIFIER NAME="CIMTYPE" PROPAGATED="true" TYPE="string" TOINSTANCE="true">
      <VALUE>string</VALUE>
    </QUALIFIER>
    <VALUE></VALUE>
  </PROPERTY>
  <PROPERTY NAME="Name" CLASSORIGIN="SMS_PackageBaseclass" TYPE="string">
    <QUALIFIER NAME="CIMTYPE" PROPAGATED="true" TYPE="string" TOINSTANCE="true">
      <VALUE>string</VALUE>
    </QUALIFIER>
    <VALUE>Dynamic Scripting</VALUE>
  </PROPERTY>
  <PROPERTY NAME="NumOfPrograms" CLASSORIGIN="SMS_PackageBaseclass" PROPAGATED="true" TYPE="uint32">
    <QUALIFIER NAME="CIMTYPE" PROPAGATED="true" TYPE="string" TOINSTANCE="true">
      <VALUE>uint32</VALUE>
    </QUALIFIER>
  </PROPERTY>
  <PROPERTY NAME="ObjectPath" CLASSORIGIN="SMS_PackageBaseclass" TYPE="string">
    <QUALIFIER NAME="CIMTYPE" PROPAGATED="true" TYPE="string" TOINSTANCE="true">
      <VALUE>string</VALUE>
    </QUALIFIER>
  </PROPERTY>
  <PROPERTY NAME="PackageID" CLASSORIGIN="SMS_PackageBaseclass" TYPE="string">
    <QUALIFIER NAME="CIMTYPE" PROPAGATED="true" TYPE="string" TOINSTANCE="true">
      <VALUE>string</VALUE>
    </QUALIFIER>
    <QUALIFIER NAME="key" PROPAGATED="true" TYPE="boolean" OVERRIDABLE="false" TOINSTANCE="true">
      <VALUE>TRUE</VALUE>
    </QUALIFIER>
    <VALUE>PS10001C</VALUE>
  </PROPERTY>
  <PROPERTY NAME="PackageSize" CLASSORIGIN="SMS_PackageBaseclass" PROPAGATED="true" TYPE="uint32">
    <QUALIFIER NAME="CIMTYPE" PROPAGATED="true" TYPE="string" TOINSTANCE="true">
      <VALUE>uint32</VALUE>
    </QUALIFIER>
  </PROPERTY>
  <PROPERTY NAME="PackageType" CLASSORIGIN="SMS_PackageBaseclass" TYPE="uint32">
    <QUALIFIER NAME="CIMTYPE" PROPAGATED="true" TYPE="string" TOINSTANCE="true">
      <VALUE>uint32</VALUE>
    </QUALIFIER>
    <VALUE>4</VALUE>
  </PROPERTY>
  <PROPERTY NAME="PkgFlags" CLASSORIGIN="SMS_PackageBaseclass" TYPE="uint32">
    <QUALIFIER NAME="CIMTYPE" PROPAGATED="true" TYPE="string" TOINSTANCE="true">
      <VALUE>uint32</VALUE>
    </QUALIFIER>
    <VALUE>0</VALUE>
  </PROPERTY>
  <PROPERTY NAME="PkgSourceFlag" CLASSORIGIN="SMS_PackageBaseclass" TYPE="uint32">
    <QUALIFIER NAME="CIMTYPE" PROPAGATED="true" TYPE="string" TOINSTANCE="true">
      <VALUE>uint32</VALUE>
    </QUALIFIER>
    <VALUE>1</VALUE>
  </PROPERTY>
  <PROPERTY NAME="PkgSourcePath" CLASSORIGIN="SMS_PackageBaseclass" PROPAGATED="true" TYPE="string">
    <QUALIFIER NAME="CIMTYPE" PROPAGATED="true" TYPE="string" TOINSTANCE="true">
      <VALUE>string</VALUE>
    </QUALIFIER>
    <VALUE></VALUE>
  </PROPERTY>
  <PROPERTY NAME="PreDownloadRule" CLASSORIGIN="SMS_PackageBaseclass" TYPE="string">
    <QUALIFIER NAME="CIMTYPE" PROPAGATED="true" TYPE="string" TOINSTANCE="true">
      <VALUE>string</VALUE>
    </QUALIFIER>
    <VALUE></VALUE>
  </PROPERTY>
  <PROPERTY NAME="PreferredAddressType" CLASSORIGIN="SMS_PackageBaseclass" TYPE="string">
    <QUALIFIER NAME="CIMTYPE" PROPAGATED="true" TYPE="string" TOINSTANCE="true">
      <VALUE>string</VALUE>
    </QUALIFIER>
    <VALUE></VALUE>
  </PROPERTY>
  <PROPERTY NAME="Priority" CLASSORIGIN="SMS_PackageBaseclass" TYPE="uint32">
    <QUALIFIER NAME="CIMTYPE" PROPAGATED="true" TYPE="string" TOINSTANCE="true">
      <VALUE>uint32</VALUE>
    </QUALIFIER>
    <VALUE>2</VALUE>
  </PROPERTY>
  <PROPERTY NAME="ProgramFlags" CLASSORIGIN="SMS_TaskSequencePackage" TYPE="uint32">
    <QUALIFIER NAME="CIMTYPE" PROPAGATED="true" TYPE="string" TOINSTANCE="true">
      <VALUE>uint32</VALUE>
    </QUALIFIER>
    <VALUE>152084496</VALUE>
  </PROPERTY>
  <PROPERTY.OBJECTARRAY NAME="References" CLASSORIGIN="SMS_TaskSequencePackage" REFERENCECLASS="SMS_TaskSequence_Reference">
    <QUALIFIER NAME="CIMTYPE" PROPAGATED="true" TYPE="string" TOINSTANCE="true">
      <VALUE>object:SMS_TaskSequence_Reference</VALUE>
    </QUALIFIER>
    <VALUE.OBJECTARRAY>
      <VALUE.OBJECT>
        <INSTANCE CLASSNAME="SMS_TaskSequence_Reference">
          <PROPERTY NAME="__PATH" CLASSORIGIN="___SYSTEM" TYPE="string"></PROPERTY>
          <PROPERTY NAME="__NAMESPACE" CLASSORIGIN="___SYSTEM" TYPE="string"></PROPERTY>
          <PROPERTY NAME="__SERVER" CLASSORIGIN="___SYSTEM" TYPE="string"></PROPERTY>
          <PROPERTY.ARRAY NAME="__DERIVATION" CLASSORIGIN="___SYSTEM" TYPE="string">
            <VALUE.ARRAY></VALUE.ARRAY>
          </PROPERTY.ARRAY>
          <PROPERTY NAME="__PROPERTY_COUNT" CLASSORIGIN="___SYSTEM" TYPE="sint32">
            <VALUE>3</VALUE>
          </PROPERTY>
          <PROPERTY NAME="__RELPATH" CLASSORIGIN="___SYSTEM" TYPE="string"></PROPERTY>
          <PROPERTY NAME="__DYNASTY" CLASSORIGIN="___SYSTEM" TYPE="string">
            <VALUE>SMS_TaskSequence_Reference</VALUE>
          </PROPERTY>
          <PROPERTY NAME="__SUPERCLASS" CLASSORIGIN="___SYSTEM" TYPE="string"></PROPERTY>
          <PROPERTY NAME="__CLASS" CLASSORIGIN="___SYSTEM" TYPE="string">
            <VALUE>SMS_TaskSequence_Reference</VALUE>
          </PROPERTY>
          <PROPERTY NAME="__GENUS" CLASSORIGIN="___SYSTEM" TYPE="sint32">
            <VALUE>2</VALUE>
          </PROPERTY>
          <PROPERTY NAME="Package" CLASSORIGIN="SMS_TaskSequence_Reference" TYPE="string">
            <QUALIFIER NAME="CIMTYPE" PROPAGATED="true" TYPE="string" TOINSTANCE="true">
              <VALUE>string</VALUE>
            </QUALIFIER>
            <VALUE>PS100019</VALUE>
          </PROPERTY>
          <PROPERTY NAME="Program" CLASSORIGIN="SMS_TaskSequence_Reference" TYPE="string">
            <QUALIFIER NAME="CIMTYPE" PROPAGATED="true" TYPE="string" TOINSTANCE="true">
              <VALUE>string</VALUE>
            </QUALIFIER>
            <VALUE>*</VALUE>
          </PROPERTY>
          <PROPERTY NAME="Type" CLASSORIGIN="SMS_TaskSequence_Reference" TYPE="uint32">
            <QUALIFIER NAME="CIMTYPE" PROPAGATED="true" TYPE="string" TOINSTANCE="true">
              <VALUE>uint32</VALUE>
            </QUALIFIER>
            <VALUE>0</VALUE>
          </PROPERTY>
        </INSTANCE>
      </VALUE.OBJECT>
    </VALUE.OBJECTARRAY>
  </PROPERTY.OBJECTARRAY>
  <PROPERTY NAME="ReferencesCount" CLASSORIGIN="SMS_TaskSequencePackage" TYPE="uint32">
    <QUALIFIER NAME="CIMTYPE" PROPAGATED="true" TYPE="string" TOINSTANCE="true">
      <VALUE>uint32</VALUE>
    </QUALIFIER>
    <VALUE>1</VALUE>
  </PROPERTY>
  <PROPERTY NAME="RefreshPkgSourceFlag" CLASSORIGIN="SMS_PackageBaseclass" TYPE="boolean">
    <QUALIFIER NAME="CIMTYPE" PROPAGATED="true" TYPE="string" TOINSTANCE="true">
      <VALUE>boolean</VALUE>
    </QUALIFIER>
    <VALUE>FALSE</VALUE>
  </PROPERTY>
  <PROPERTY.OBJECTARRAY NAME="RefreshSchedule" CLASSORIGIN="SMS_PackageBaseclass" REFERENCECLASS="SMS_ScheduleToken">
    <QUALIFIER NAME="CIMTYPE" PROPAGATED="true" TYPE="string" TOINSTANCE="true">
      <VALUE>object:SMS_ScheduleToken</VALUE>
    </QUALIFIER>
  </PROPERTY.OBJECTARRAY>
  <PROPERTY NAME="Reserved" CLASSORIGIN="SMS_TaskSequencePackage" TYPE="string">
    <QUALIFIER NAME="CIMTYPE" PROPAGATED="true" TYPE="string" TOINSTANCE="true">
      <VALUE>string</VALUE>
    </QUALIFIER>
  </PROPERTY>
  <PROPERTY NAME="RestartRequired" CLASSORIGIN="SMS_TaskSequencePackage" TYPE="uint32">
    <QUALIFIER NAME="CIMTYPE" PROPAGATED="true" TYPE="string" TOINSTANCE="true">
      <VALUE>uint32</VALUE>
    </QUALIFIER>
    <VALUE>0</VALUE>
  </PROPERTY>
  <PROPERTY.ARRAY NAME="SecuredScopeNames" CLASSORIGIN="SMS_PackageBaseclass" TYPE="string">
    <QUALIFIER NAME="CIMTYPE" PROPAGATED="true" TYPE="string" TOINSTANCE="true">
      <VALUE>string</VALUE>
    </QUALIFIER>
    <VALUE.ARRAY>
      <VALUE>Default</VALUE>
    </VALUE.ARRAY>
  </PROPERTY.ARRAY>
  <PROPERTY NAME="SedoObjectVersion" CLASSORIGIN="SMS_PackageBaseclass" TYPE="string">
    <QUALIFIER NAME="CIMTYPE" PROPAGATED="true" TYPE="string" TOINSTANCE="true">
      <VALUE>string</VALUE>
    </QUALIFIER>
    <VALUE>3AB39C06-6CB0-46FB-8452-1F2A1F98F439</VALUE>
  </PROPERTY>
  <PROPERTY NAME="Sequence" CLASSORIGIN="SMS_TaskSequencePackage" TYPE="string">
    <QUALIFIER NAME="CIMTYPE" PROPAGATED="true" TYPE="string" TOINSTANCE="true">
      <VALUE>string</VALUE>
    </QUALIFIER>
    <VALUE><![CDATA[<sequence version="3.10"><referenceList><reference package="PS100019"/></referenceList><group name="Option 1" description="" continueOnError="true"><step type="SMS_TaskSequence_RunCommandLineAction" name="Get OS Info" description="" runIn="WinPEandFullOS" successCodeList="0 3010" retryCount="0" runFromNet="false"><action>smsswd.exe /run: C:\WINDOWS\System32\WindowsPowerShell\v1.0\powershell.exe -ExecutionPolicy Bypass -Command "&amp; { $OS = Get-CimInstance Win32_OperatingSystem; $OSCaption = $OS.Caption; $OSVersion = $OS.Version; $OSBuild = $OS.buildNumber; $OSArchitecture = $OS.OSArchitecture; $tsenv = New-Object -COMObject Microsoft.SMS.TSEnvironment; $tsenv.Value('OSCaption') = $OSCaption; $tsenv.Value('OSVersion') = $OSVersion; $tsenv.Value('OSBuild') = $OSBuild; $tsenv.Value('OSArchitecture') = $OSArchitecture; Write-Host Getting TS Variables; Write-Host OSCaption: $tsenv.Value('OSCaption'); Write-Host OSVersion: $tsenv.Value('OSVersion'); Write-Console OSBuild: $tsenv.Value('OSBuild'); Write-Host OSArchitecture: $tsenv.Value('OSArchitecture') }"</action><defaultVarList><variable name="CommandLine" property="CommandLine" hidden="true">C:\WINDOWS\System32\WindowsPowerShell\v1.0\powershell.exe -ExecutionPolicy Bypass -Command "&amp; { $OS = Get-CimInstance Win32_OperatingSystem; $OSCaption = $OS.Caption; $OSVersion = $OS.Version; $OSBuild = $OS.buildNumber; $OSArchitecture = $OS.OSArchitecture; $tsenv = New-Object -COMObject Microsoft.SMS.TSEnvironment; $tsenv.Value('OSCaption') = $OSCaption; $tsenv.Value('OSVersion') = $OSVersion; $tsenv.Value('OSBuild') = $OSBuild; $tsenv.Value('OSArchitecture') = $OSArchitecture; Write-Host Getting TS Variables; Write-Host OSCaption: $tsenv.Value('OSCaption'); Write-Host OSVersion: $tsenv.Value('OSVersion'); Write-Console OSBuild: $tsenv.Value('OSBuild'); Write-Host OSArchitecture: $tsenv.Value('OSArchitecture') }"</variable><variable name="SMSTSDisableWow64Redirection" property="DisableWow64Redirection">false</variable><variable name="_SMSTSRunCommandLineAsUser" property="RunAsUser">false</variable><variable name="SuccessCodes" property="SuccessCodes" hidden="true">0 3010</variable></defaultVarList></step></group><group name="Option 2" description="" continueOnError="true"><step type="SMS_TaskSequence_RunCommandLineAction" name="Export Script" description="" runIn="WinPEandFullOS" successCodeList="0 3010" retryCount="0" runFromNet="false"><action>smsswd.exe /run: cmd.exe /c ECHO | Set /p ="$OS = Get-CimInstance Win32_OperatingSystem; $OSCaption = $OS.Caption; $OSVersion = $OS.Version; $OSBuild = $OS.buildNumber; $OSArchitecture = $OS.OSArchitecture; $tsenv = New-Object -COMObject Microsoft.SMS.TSEnvironment; $tsenv.Value('OSCaption') = $OSCaption; $tsenv.Value('OSVersion') = $OSVersion; $tsenv.Value('OSBuild') = $OSBuild; $tsenv.Value('OSArchitecture') = $OSArchitecture; Write-Host Getting TS Variables; Write-Host OSCaption: $tsenv.Value('OSCaption'); Write-Host OSVersion: $tsenv.Value('OSVersion'); Write-Host OSBuild: $tsenv.Value('OSBuild'); Write-Host OSArchitecture: $tsenv.Value('OSArchitecture')" &gt;&gt; c:\Temp\GetOSInfo.PS1</action><defaultVarList><variable name="CommandLine" property="CommandLine" hidden="true">cmd.exe /c ECHO | Set /p ="$OS = Get-CimInstance Win32_OperatingSystem; $OSCaption = $OS.Caption; $OSVersion = $OS.Version; $OSBuild = $OS.buildNumber; $OSArchitecture = $OS.OSArchitecture; $tsenv = New-Object -COMObject Microsoft.SMS.TSEnvironment; $tsenv.Value('OSCaption') = $OSCaption; $tsenv.Value('OSVersion') = $OSVersion; $tsenv.Value('OSBuild') = $OSBuild; $tsenv.Value('OSArchitecture') = $OSArchitecture; Write-Host Getting TS Variables; Write-Host OSCaption: $tsenv.Value('OSCaption'); Write-Host OSVersion: $tsenv.Value('OSVersion'); Write-Host OSBuild: $tsenv.Value('OSBuild'); Write-Host OSArchitecture: $tsenv.Value('OSArchitecture')" &gt;&gt; c:\Temp\GetOSInfo.PS1</variable><variable name="SMSTSDisableWow64Redirection" property="DisableWow64Redirection">false</variable><variable name="_SMSTSRunCommandLineAsUser" property="RunAsUser">false</variable><variable name="SuccessCodes" property="SuccessCodes" hidden="true">0 3010</variable></defaultVarList></step><step type="SMS_TaskSequence_RunCommandLineAction" name="Launch Local Script" description="" runIn="WinPEandFullOS" successCodeList="0 3010" retryCount="0" runFromNet="false"><action>smsswd.exe /run: C:\WINDOWS\System32\WindowsPowerShell\v1.0\powershell.exe -NoProfile -ExecutionPolicy Bypass -Command c:\Temp\GetOSInfo.PS1</action><defaultVarList><variable name="CommandLine" property="CommandLine" hidden="true">C:\WINDOWS\System32\WindowsPowerShell\v1.0\powershell.exe -NoProfile -ExecutionPolicy Bypass -Command c:\Temp\GetOSInfo.PS1</variable><variable name="SMSTSDisableWow64Redirection" property="DisableWow64Redirection">false</variable><variable name="_SMSTSRunCommandLineAsUser" property="RunAsUser">false</variable><variable name="SuccessCodes" property="SuccessCodes" hidden="true">0 3010</variable></defaultVarList></step></group><group name="Option 3" description="" continueOnError="true"><step type="SMS_TaskSequence_SetVariableAction" name="Set Variable - PowerShellCommandOpen" description="" runIn="WinPEandFullOS" successCodeList="0" retryCount="0" runFromNet="false"><action>tsenv.exe "PowerShellCommandOpen=C:\WINDOWS\System32\WindowsPowerShell\v1.0\powershell.exe -NoProfile -ExecutionPolicy Bypass -Command "&amp; {" /hiddenflag:False</action><defaultVarList><variable name="DoNotShowVariableValue" property="DoNotShowVariableValue" hidden="true">false</variable><variable name="VariableName" property="VariableName" hidden="true">PowerShellCommandOpen</variable><variable name="VariableValue" property="VariableValue" hidden="true">C:\WINDOWS\System32\WindowsPowerShell\v1.0\powershell.exe -NoProfile -ExecutionPolicy Bypass -Command "&amp; {</variable></defaultVarList></step><step type="SMS_TaskSequence_SetVariableAction" name="Set Variable - PowerShellCommandClose" description="" runIn="WinPEandFullOS" successCodeList="0" retryCount="0" runFromNet="false"><action>tsenv.exe "PowerShellCommandClose=}"" /hiddenflag:False</action><defaultVarList><variable name="DoNotShowVariableValue" property="DoNotShowVariableValue" hidden="true">false</variable><variable name="VariableName" property="VariableName" hidden="true">PowerShellCommandClose</variable><variable name="VariableValue" property="VariableValue" hidden="true">}"</variable></defaultVarList></step><step type="SMS_TaskSequence_SetVariableAction" name="Set Variable - GetOSInfo" description="" runIn="WinPEandFullOS" successCodeList="0" retryCount="0" runFromNet="false"><action>tsenv.exe "GetOSInfo=$OS = Get-CimInstance Win32_OperatingSystem
$OSCaption = $OS.Caption
$OSVersion = $OS.Version
$OSBuild = $OS.buildNumber
$OSArchitecture = $OS.OSArchitecture

$tsenv = New-Object -COMObject Microsoft.SMS.TSEnvironment
$tsenv.Value('OSCaption') = $OSCaption
$tsenv.Value('OSVersion') = $OSVersion
$tsenv.Value('OSBuild') = $OSBuild
$tsenv.Value('OSArchitecture') = $OSArchitecture

Write-Host Getting TS Variables 
Write-Host OSCaption: $tsenv.Value('OSCaption')
Write-Host OSVersion: $tsenv.Value('OSVersion')
Write-Host OSBuild: $tsenv.Value('OSBuild')
Write-Host OSArchitecture: $tsenv.Value('OSArchitecture')" /hiddenflag:False</action><defaultVarList><variable name="DoNotShowVariableValue" property="DoNotShowVariableValue" hidden="true">false</variable><variable name="VariableName" property="VariableName" hidden="true">GetOSInfo</variable><variable name="VariableValue" property="VariableValue" hidden="true">$OS = Get-CimInstance Win32_OperatingSystem
$OSCaption = $OS.Caption
$OSVersion = $OS.Version
$OSBuild = $OS.buildNumber
$OSArchitecture = $OS.OSArchitecture

$tsenv = New-Object -COMObject Microsoft.SMS.TSEnvironment
$tsenv.Value('OSCaption') = $OSCaption
$tsenv.Value('OSVersion') = $OSVersion
$tsenv.Value('OSBuild') = $OSBuild
$tsenv.Value('OSArchitecture') = $OSArchitecture

Write-Host Getting TS Variables 
Write-Host OSCaption: $tsenv.Value('OSCaption')
Write-Host OSVersion: $tsenv.Value('OSVersion')
Write-Host OSBuild: $tsenv.Value('OSBuild')
Write-Host OSArchitecture: $tsenv.Value('OSArchitecture')</variable></defaultVarList></step><step type="SMS_TaskSequence_RunCommandLineAction" name="Get OS Info" description="" runIn="WinPEandFullOS" successCodeList="0 3010" retryCount="0" runFromNet="false"><action>smsswd.exe /run: %PowerShellCommandOpen%%GetOSInfo%%PowerShellCommandClose%</action><defaultVarList><variable name="CommandLine" property="CommandLine" hidden="true">%PowerShellCommandOpen%%%GetOSInfo%%%PowerShellCommandClose%</variable><variable name="SMSTSDisableWow64Redirection" property="DisableWow64Redirection">false</variable><variable name="_SMSTSRunCommandLineAsUser" property="RunAsUser">false</variable><variable name="SuccessCodes" property="SuccessCodes" hidden="true">0 3010</variable></defaultVarList></step></group><group name="Option 4" description="" continueOnError="true"><step type="SMS_TaskSequence_SetVariableAction" name="Set Variable - GetOSInfo" description="" runIn="WinPEandFullOS" successCodeList="0" retryCount="0" runFromNet="false"><action>tsenv.exe "GetOSInfo=$OS = Get-CimInstance Win32_OperatingSystem
$OSCaption = $OS.Caption
$OSVersion = $OS.Version
$OSBuild = $OS.buildNumber
$OSArchitecture = $OS.OSArchitecture

$tsenv = New-Object -COMObject Microsoft.SMS.TSEnvironment
$tsenv.Value('OSCaption') = $OSCaption
$tsenv.Value('OSVersion') = $OSVersion
$tsenv.Value('OSBuild') = $OSBuild
$tsenv.Value('OSArchitecture') = $OSArchitecture

Write-Host Getting TS Variables 
Write-Host OSCaption: $tsenv.Value('OSCaption')
Write-Host OSVersion: $tsenv.Value('OSVersion')
Write-Host OSBuild: $tsenv.Value('OSBuild')
Write-Host OSArchitecture: $tsenv.Value('OSArchitecture')" /hiddenflag:False</action><defaultVarList><variable name="DoNotShowVariableValue" property="DoNotShowVariableValue" hidden="true">false</variable><variable name="VariableName" property="VariableName" hidden="true">GetOSInfo</variable><variable name="VariableValue" property="VariableValue" hidden="true">$OS = Get-CimInstance Win32_OperatingSystem
$OSCaption = $OS.Caption
$OSVersion = $OS.Version
$OSBuild = $OS.buildNumber
$OSArchitecture = $OS.OSArchitecture

$tsenv = New-Object -COMObject Microsoft.SMS.TSEnvironment
$tsenv.Value('OSCaption') = $OSCaption
$tsenv.Value('OSVersion') = $OSVersion
$tsenv.Value('OSBuild') = $OSBuild
$tsenv.Value('OSArchitecture') = $OSArchitecture

Write-Host Getting TS Variables 
Write-Host OSCaption: $tsenv.Value('OSCaption')
Write-Host OSVersion: $tsenv.Value('OSVersion')
Write-Host OSBuild: $tsenv.Value('OSBuild')
Write-Host OSArchitecture: $tsenv.Value('OSArchitecture')</variable></defaultVarList></step><step type="SMS_TaskSequence_RunCommandLineAction" name="Export Script" description="" runIn="WinPEandFullOS" successCodeList="0 3010" retryCount="0" runFromNet="false"><action>smsswd.exe /run: cmd.exe /c ECHO | Set /p ="%GetOSInfo%" &gt;&gt; c:\Temp\GetOSInfo.PS1</action><defaultVarList><variable name="CommandLine" property="CommandLine" hidden="true">cmd.exe /c ECHO | Set /p ="%GetOSInfo%" &gt;&gt; c:\Temp\GetOSInfo.PS1</variable><variable name="SMSTSDisableWow64Redirection" property="DisableWow64Redirection">false</variable><variable name="_SMSTSRunCommandLineAsUser" property="RunAsUser">false</variable><variable name="SuccessCodes" property="SuccessCodes" hidden="true">0 3010</variable></defaultVarList></step><step type="SMS_TaskSequence_RunCommandLineAction" name="Launch Local Script" description="" runIn="WinPEandFullOS" successCodeList="0 3010" retryCount="0" runFromNet="false"><action>smsswd.exe /run: C:\WINDOWS\System32\WindowsPowerShell\v1.0\powershell.exe -NoProfile -ExecutionPolicy Bypass -Command c:\Temp\GetOSInfo.PS1</action><defaultVarList><variable name="CommandLine" property="CommandLine" hidden="true">C:\WINDOWS\System32\WindowsPowerShell\v1.0\powershell.exe -NoProfile -ExecutionPolicy Bypass -Command c:\Temp\GetOSInfo.PS1</variable><variable name="SMSTSDisableWow64Redirection" property="DisableWow64Redirection">false</variable><variable name="_SMSTSRunCommandLineAsUser" property="RunAsUser">false</variable><variable name="SuccessCodes" property="SuccessCodes" hidden="true">0 3010</variable></defaultVarList></step></group><group name="Debug" description="" continueOnError="true"><step type="SMS_TaskSequence_SetVariableAction" name="Set Variable - TSDebug" description="" runIn="WinPEandFullOS" successCodeList="0" retryCount="0" runFromNet="false"><action>tsenv.exe "TSDebug=ServiceUI.exe -process:TSProgressUI.exe C:\Windows\System32\cmd.exe" /hiddenflag:False</action><defaultVarList><variable name="DoNotShowVariableValue" property="DoNotShowVariableValue" hidden="true">false</variable><variable name="VariableName" property="VariableName" hidden="true">TSDebug</variable><variable name="VariableValue" property="VariableValue" hidden="true">ServiceUI.exe -process:TSProgressUI.exe C:\Windows\System32\cmd.exe</variable></defaultVarList></step><step type="SMS_TaskSequence_RunCommandLineAction" name="Debug" description="" runIn="WinPEandFullOS" successCodeList="0 3010" retryCount="0" runFromNet="false"><action>smsswd.exe /run:PS100019 %TSDebug%</action><defaultVarList><variable name="CommandLine" property="CommandLine" hidden="true">%TSDebug%</variable><variable name="SMSTSDisableWow64Redirection" property="DisableWow64Redirection">false</variable><variable name="PackageID" property="PackageID" hidden="true">PS100019</variable><variable name="_SMSTSRunCommandLineAsUser" property="RunAsUser">false</variable><variable name="SuccessCodes" property="SuccessCodes" hidden="true">0 3010</variable></defaultVarList></step><step type="SMS_TaskSequence_SetDynamicVariablesAction" name="Set Dynamic Variables" description="" runIn="WinPEandFullOS" successCodeList="0" retryCount="0" runFromNet="false"><action>OSDSetDynamicVariables.exe</action><defaultVarList><variable name="OSDSetDynamicVariablesRules" property="Rules">&lt;Rules&gt;&lt;Rule&gt;&lt;condition&gt;&lt;expression type="SMS_TaskSequence_MakeModelConditionExpression"&gt;&lt;variable name="Make"&gt;Lenovo&lt;/variable&gt;&lt;variable name="Model"&gt;T440s&lt;/variable&gt;&lt;/expression&gt;&lt;/condition&gt;&lt;Variables&gt;&lt;Variable Name="OSDBitLockerStartupKey" IsSecret="false"&gt;Hep&lt;/Variable&gt;&lt;/Variables&gt;&lt;/Rule&gt;&lt;Rule&gt;&lt;condition&gt;&lt;expression type="SMS_TaskSequence_ComputerConditionExpression"&gt;&lt;variable name="AssetTag"&gt;2342342&lt;/variable&gt;&lt;variable name="MACAddress"&gt;&lt;/variable&gt;&lt;variable name="SerialNumber"&gt;&lt;/variable&gt;&lt;variable name="UUID"&gt;&lt;/variable&gt;&lt;/expression&gt;&lt;/condition&gt;&lt;Variables&gt;&lt;Variable Name="OSDApplyDriverBootCriticalINFFile" IsSecret="false"&gt;&lt;/Variable&gt;&lt;/Variables&gt;&lt;/Rule&gt;&lt;/Rules&gt;
</variable></defaultVarList></step></group><step type="SMS_TaskSequence_RunCommandLineAction" name="Test" description="" runIn="WinPEandFullOS" successCodeList="0 3010" retryCount="0" runFromNet="false"><action>smsswd.exe /run: cmd /exit 0</action><defaultVarList><variable name="CommandLine" property="CommandLine" hidden="true">cmd /exit 0</variable><variable name="SMSTSDisableWow64Redirection" property="DisableWow64Redirection">false</variable><variable name="_SMSTSRunCommandLineAsUser" property="RunAsUser">false</variable><variable name="SuccessCodes" property="SuccessCodes" hidden="true">0 3010</variable></defaultVarList></step></sequence>
]]></VALUE>
  </PROPERTY>
  <PROPERTY NAME="ShareName" CLASSORIGIN="SMS_PackageBaseclass" TYPE="string">
    <QUALIFIER NAME="CIMTYPE" PROPAGATED="true" TYPE="string" TOINSTANCE="true">
      <VALUE>string</VALUE>
    </QUALIFIER>
    <VALUE></VALUE>
  </PROPERTY>
  <PROPERTY NAME="ShareType" CLASSORIGIN="SMS_PackageBaseclass" TYPE="uint32">
    <QUALIFIER NAME="CIMTYPE" PROPAGATED="true" TYPE="string" TOINSTANCE="true">
      <VALUE>uint32</VALUE>
    </QUALIFIER>
    <VALUE>1</VALUE>
  </PROPERTY>
  <PROPERTY NAME="SourceDate" CLASSORIGIN="SMS_PackageBaseclass" TYPE="datetime">
    <QUALIFIER NAME="CIMTYPE" PROPAGATED="true" TYPE="string" TOINSTANCE="true">
      <VALUE>datetime</VALUE>
    </QUALIFIER>
    <VALUE>20181117025934.000000+000</VALUE>
  </PROPERTY>
  <PROPERTY NAME="SourceSite" CLASSORIGIN="SMS_PackageBaseclass" TYPE="string">
    <QUALIFIER NAME="CIMTYPE" PROPAGATED="true" TYPE="string" TOINSTANCE="true">
      <VALUE>string</VALUE>
    </QUALIFIER>
    <VALUE>PS1</VALUE>
  </PROPERTY>
  <PROPERTY NAME="SourceVersion" CLASSORIGIN="SMS_PackageBaseclass" TYPE="uint32">
    <QUALIFIER NAME="CIMTYPE" PROPAGATED="true" TYPE="string" TOINSTANCE="true">
      <VALUE>uint32</VALUE>
    </QUALIFIER>
    <VALUE>1</VALUE>
  </PROPERTY>
  <PROPERTY NAME="StoredPkgPath" CLASSORIGIN="SMS_PackageBaseclass" TYPE="string">
    <QUALIFIER NAME="CIMTYPE" PROPAGATED="true" TYPE="string" TOINSTANCE="true">
      <VALUE>string</VALUE>
    </QUALIFIER>
    <VALUE></VALUE>
  </PROPERTY>
  <PROPERTY NAME="StoredPkgVersion" CLASSORIGIN="SMS_PackageBaseclass" TYPE="uint32">
    <QUALIFIER NAME="CIMTYPE" PROPAGATED="true" TYPE="string" TOINSTANCE="true">
      <VALUE>uint32</VALUE>
    </QUALIFIER>
    <VALUE>1</VALUE>
  </PROPERTY>
  <PROPERTY.OBJECTARRAY NAME="SupportedOperatingSystems" CLASSORIGIN="SMS_TaskSequencePackage" REFERENCECLASS="SMS_OS_Details">
    <QUALIFIER NAME="CIMTYPE" PROPAGATED="true" TYPE="string" TOINSTANCE="true">
      <VALUE>object:SMS_OS_Details</VALUE>
    </QUALIFIER>
    <VALUE.OBJECTARRAY></VALUE.OBJECTARRAY>
  </PROPERTY.OBJECTARRAY>
  <PROPERTY NAME="TaskSequenceFlags" CLASSORIGIN="SMS_TaskSequencePackage" TYPE="uint32">
    <QUALIFIER NAME="CIMTYPE" PROPAGATED="true" TYPE="string" TOINSTANCE="true">
      <VALUE>uint32</VALUE>
    </QUALIFIER>
    <VALUE>0</VALUE>
  </PROPERTY>
  <PROPERTY NAME="TsEnabled" CLASSORIGIN="SMS_TaskSequencePackage" TYPE="boolean">
    <QUALIFIER NAME="CIMTYPE" PROPAGATED="true" TYPE="string" TOINSTANCE="true">
      <VALUE>boolean</VALUE>
    </QUALIFIER>
  </PROPERTY>
  <PROPERTY NAME="Type" CLASSORIGIN="SMS_TaskSequencePackage" TYPE="uint32">
    <QUALIFIER NAME="CIMTYPE" PROPAGATED="true" TYPE="string" TOINSTANCE="true">
      <VALUE>uint32</VALUE>
    </QUALIFIER>
    <VALUE>1</VALUE>
  </PROPERTY>
  <PROPERTY NAME="Version" CLASSORIGIN="SMS_PackageBaseclass" TYPE="string">
    <QUALIFIER NAME="CIMTYPE" PROPAGATED="true" TYPE="string" TOINSTANCE="true">
      <VALUE>string</VALUE>
    </QUALIFIER>
    <VALUE></VALUE>
  </PROPERTY>
</INSTANCE>