﻿<LibraryDocument xmlns:xsi="http://www.w3.org/2001/XMLSchema-instance" xmlns:xsd="http://www.w3.org/2001/XMLSchema">
  <Properties>
    <Property Name="AUTHORING_SCOPE" Value="ScopeId_BDF90871-D727-40E8-9D9C-D0982E016175" />
  </Properties>
  <Contents>
    <Content UniqueId="51c69a87-402c-4200-95d6-d7e20f24e9ea" Hash="" Description="TS Tools" RelativePath="TS Tools" FullPath="C:\Users\Adam\Desktop\TaskSequences\CustomDialog_files\TS Tools\" SingleFile="false" StorageType="" FullOwnership="true" OriginalPath="\\cm01\Media\Tools\" OriginalStorage="" />
  </Contents>
  <EntryObjects>
    <Object Path="SMS_Package.PackageID='PS100019'" Type="SMS_Package" />
    <Object Path="SMS_TaskSequencePackage.PackageID='PS10001A'" Type="SMS_TaskSequencePackage" />
  </EntryObjects>
</LibraryDocument>